patient_id,fold,model,y_true,p_hat,threshold,y_pred
SYN-P0004,1,logistic_regression,0,0.3627966260898397,0.5,0
SYN-P0009,1,logistic_regression,0,0.6544129204291601,0.5,1
SYN-P0010,1,logistic_regression,0,0.1392929662276027,0.5,0
SYN-P0011,1,logistic_regression,1,0.3574303390777067,0.5,0
SYN-P0019,1,logistic_regression,1,0.7057343044087115,0.5,1
SYN-P0025,1,logistic_regression,0,0.5771398283785092,0.5,1
SYN-P0027,1,logistic_regression,1,0.4640340042129807,0.5,0
SYN-P0030,1,logistic_regression,1,0.8871443996348068,0.5,1
SYN-P0031,1,logistic_regression,0,0.6867307699176451,0.5,1
SYN-P0032,1,logistic_regression,1,0.6491100818629881,0.5,1
SYN-P0039,1,logistic_regression,1,0.4025073405087424,0.5,0
SYN-P0040,1,logistic_regression,1,0.4745561440936456,0.5,0
SYN-P0042,1,logistic_regression,1,0.7228967576212268,0.5,1
SYN-P0043,1,logistic_regression,1,0.4171425315034544,0.5,0
SYN-P0046,1,logistic_regression,0,0.6197246055717233,0.5,1
SYN-P0048,1,logistic_regression,0,0.229032757567979,0.5,0
SYN-P0053,1,logistic_regression,0,0.39482469698804323,0.5,0
SYN-P0061,1,logistic_regression,0,0.27117591962436904,0.5,0
SYN-P0077,1,logistic_regression,0,0.2999315541872833,0.5,0
SYN-P0079,1,logistic_regression,1,0.566872125437181,0.5,1
SYN-P0088,1,logistic_regression,0,0.39442245592994474,0.5,0
SYN-P0090,1,logistic_regression,1,0.796759657630599,0.5,1
SYN-P0093,1,logistic_regression,1,0.3354281551490094,0.5,0
SYN-P0102,1,logistic_regression,1,0.807626860625827,0.5,1
SYN-P0104,1,logistic_regression,0,0.39703690873187647,0.5,0
SYN-P0107,1,logistic_regression,0,0.6098868481026043,0.5,1
SYN-P0111,1,logistic_regression,1,0.7777009617944621,0.5,1
SYN-P0118,1,logistic_regression,1,0.34970798448523904,0.5,0
SYN-P0120,1,logistic_regression,0,0.47322858453901323,0.5,0
SYN-P0123,1,logistic_regression,1,0.48403793793956595,0.5,0
SYN-P0129,1,logistic_regression,1,0.46773518785051094,0.5,0
SYN-P0131,1,logistic_regression,0,0.5087440394343792,0.5,1
SYN-P0139,1,logistic_regression,1,0.6000717486098939,0.5,1
SYN-P0143,1,logistic_regression,0,0.348546180780004,0.5,0
SYN-P0147,1,logistic_regression,1,0.7271548051125879,0.5,1
SYN-P0150,1,logistic_regression,1,0.8634973381736165,0.5,1
SYN-P0154,1,logistic_regression,0,0.41293334458013076,0.5,0
SYN-P0156,1,logistic_regression,0,0.5365435830316821,0.5,1
SYN-P0164,1,logistic_regression,0,0.48590711126883634,0.5,0
SYN-P0183,1,logistic_regression,0,0.47286789703035004,0.5,0
SYN-P0184,1,logistic_regression,0,0.3128378817516907,0.5,0
SYN-P0190,1,logistic_regression,1,0.56565204355684,0.5,1
SYN-P0203,1,logistic_regression,1,0.6637593638218164,0.5,1
SYN-P0215,1,logistic_regression,1,0.5079339000062681,0.5,1
SYN-P0216,1,logistic_regression,1,0.5046276124633082,0.5,1
SYN-P0219,1,logistic_regression,1,0.8330031007242846,0.5,1
SYN-P0220,1,logistic_regression,0,0.48244825958656606,0.5,0
SYN-P0221,1,logistic_regression,1,0.2695822157917301,0.5,0
SYN-P0223,1,logistic_regression,0,0.6436672208182502,0.5,1
SYN-P0228,1,logistic_regression,1,0.8427516188322481,0.5,1
SYN-P0232,1,logistic_regression,1,0.8680308791903653,0.5,1
SYN-P0247,1,logistic_regression,0,0.3352289773040369,0.5,0
SYN-P0253,1,logistic_regression,1,0.7720604684242633,0.5,1
SYN-P0263,1,logistic_regression,0,0.16061799885437575,0.5,0
SYN-P0267,1,logistic_regression,1,0.5512741429354905,0.5,1
SYN-P0272,1,logistic_regression,0,0.5272059272934618,0.5,1
SYN-P0277,1,logistic_regression,0,0.47801796686150355,0.5,0
SYN-P0289,1,logistic_regression,1,0.5419611337622081,0.5,1
SYN-P0296,1,logistic_regression,1,0.8598344491695592,0.5,1
SYN-P0299,1,logistic_regression,0,0.4677654618174223,0.5,0
SYN-P0002,2,logistic_regression,0,0.42878936765461584,0.5,0
SYN-P0008,2,logistic_regression,0,0.3926753238768227,0.5,0
SYN-P0021,2,logistic_regression,0,0.6670563706407002,0.5,1
SYN-P0024,2,logistic_regression,0,0.5441545312768636,0.5,1
SYN-P0026,2,logistic_regression,0,0.7064166405755465,0.5,1
SYN-P0045,2,logistic_regression,0,0.4936816784560307,0.5,0
SYN-P0049,2,logistic_regression,1,0.6011328591500605,0.5,1
SYN-P0050,2,logistic_regression,1,0.8322405739665633,0.5,1
SYN-P0052,2,logistic_regression,1,0.7874409967745277,0.5,1
SYN-P0057,2,logistic_regression,0,0.5187363090324212,0.5,1
SYN-P0060,2,logistic_regression,0,0.6039848202437762,0.5,1
SYN-P0063,2,logistic_regression,1,0.23512353909628142,0.5,0
SYN-P0070,2,logistic_regression,0,0.4360806278137448,0.5,0
SYN-P0078,2,logistic_regression,1,0.5909966645846002,0.5,1
SYN-P0085,2,logistic_regression,1,0.5714343204099714,0.5,1
SYN-P0095,2,logistic_regression,0,0.27893855867497674,0.5,0
SYN-P0096,2,logistic_regression,0,0.42812784256848446,0.5,0
SYN-P0097,2,logistic_regression,1,0.4695702842942065,0.5,0
SYN-P0101,2,logistic_regression,0,0.6375086019517049,0.5,1
SYN-P0105,2,logistic_regression,0,0.2730252907318578,0.5,0
SYN-P0109,2,logistic_regression,1,0.650658164200712,0.5,1
SYN-P0112,2,logistic_regression,1,0.3399405503315384,0.5,0
SYN-P0122,2,logistic_regression,0,0.352673011217902,0.5,0
SYN-P0124,2,logistic_regression,0,0.5182019781783832,0.5,1
SYN-P0127,2,logistic_regression,0,0.41780633440105264,0.5,0
SYN-P0133,2,logistic_regression,1,0.6199876227094041,0.5,1
SYN-P0140,2,logistic_regression,1,0.6609193223756101,0.5,1
SYN-P0141,2,logistic_regression,0,0.26002955441527537,0.5,0
SYN-P0152,2,logistic_regression,1,0.9065431850905695,0.5,1
SYN-P0161,2,logistic_regression,0,0.23941700463036855,0.5,0
SYN-P0163,2,logistic_regression,1,0.6560098076007751,0.5,1
SYN-P0168,2,logistic_regression,1,0.3569317727155756,0.5,0
SYN-P0169,2,logistic_regression,0,0.36912736933673473,0.5,0
SYN-P0172,2,logistic_regression,1,0.2798497547755461,0.5,0
SYN-P0177,2,logistic_regression,1,0.5738452587745091,0.5,1
SYN-P0181,2,logistic_regression,0,0.28693596176604186,0.5,0
SYN-P0186,2,logistic_regression,1,0.7048263615038821,0.5,1
SYN-P0188,2,logistic_regression,0,0.34240217239120174,0.5,0
SYN-P0194,2,logistic_regression,1,0.5140111320553746,0.5,1
SYN-P0195,2,logistic_regression,1,0.7003243371349137,0.5,1
SYN-P0200,2,logistic_regression,1,0.7585197781400425,0.5,1
SYN-P0202,2,logistic_regression,1,0.6798285051964065,0.5,1
SYN-P0204,2,logistic_regression,1,0.7850799457234308,0.5,1
SYN-P0205,2,logistic_regression,0,0.4477995430863031,0.5,0
SYN-P0217,2,logistic_regression,1,0.2327414735540712,0.5,0
SYN-P0222,2,logistic_regression,0,0.23211630531936525,0.5,0
SYN-P0225,2,logistic_regression,1,0.5804145211187367,0.5,1
SYN-P0234,2,logistic_regression,0,0.6912687873090689,0.5,1
SYN-P0240,2,logistic_regression,0,0.39874360346593535,0.5,0
SYN-P0242,2,logistic_regression,1,0.6227544209448262,0.5,1
SYN-P0245,2,logistic_regression,1,0.44851854284570464,0.5,0
SYN-P0249,2,logistic_regression,1,0.6189923552395751,0.5,1
SYN-P0250,2,logistic_regression,1,0.28467109527744455,0.5,0
SYN-P0254,2,logistic_regression,1,0.3089997572743913,0.5,0
SYN-P0258,2,logistic_regression,0,0.6387418223027879,0.5,1
SYN-P0259,2,logistic_regression,1,0.8351157664264206,0.5,1
SYN-P0261,2,logistic_regression,0,0.7267292322264048,0.5,1
SYN-P0269,2,logistic_regression,1,0.5804246241153742,0.5,1
SYN-P0288,2,logistic_regression,0,0.22837765034021792,0.5,0
SYN-P0291,2,logistic_regression,0,0.2781388830980866,0.5,0
SYN-P0003,3,logistic_regression,1,0.7992093374883804,0.6,1
SYN-P0005,3,logistic_regression,1,0.5886474375482813,0.6,0
SYN-P0006,3,logistic_regression,1,0.6364820145408675,0.6,1
SYN-P0017,3,logistic_regression,1,0.7187539181656822,0.6,1
SYN-P0022,3,logistic_regression,1,0.6761576665962163,0.6,1
SYN-P0023,3,logistic_regression,0,0.5000662023971227,0.6,0
SYN-P0029,3,logistic_regression,0,0.4320986363888723,0.6,0
SYN-P0036,3,logistic_regression,1,0.7646849299369879,0.6,1
SYN-P0037,3,logistic_regression,0,0.3502226919599933,0.6,0
SYN-P0041,3,logistic_regression,0,0.7090373495489819,0.6,1
SYN-P0047,3,logistic_regression,1,0.41239898017830656,0.6,0
SYN-P0059,3,logistic_regression,0,0.38902998757176227,0.6,0
SYN-P0064,3,logistic_regression,0,0.5511278518792694,0.6,0
SYN-P0067,3,logistic_regression,0,0.49313733880481603,0.6,0
SYN-P0069,3,logistic_regression,0,0.7750617849269458,0.6,1
SYN-P0073,3,logistic_regression,1,0.5296444645640537,0.6,0
SYN-P0075,3,logistic_regression,0,0.7285322505079556,0.6,1
SYN-P0082,3,logistic_regression,1,0.626637201970777,0.6,1
SYN-P0087,3,logistic_regression,1,0.3285484902982818,0.6,0
SYN-P0089,3,logistic_regression,0,0.30894220696618085,0.6,0
SYN-P0092,3,logistic_regression,1,0.6329930491984331,0.6,1
SYN-P0094,3,logistic_regression,0,0.3627577515842782,0.6,0
SYN-P0098,3,logistic_regression,1,0.35620498867298694,0.6,0
SYN-P0110,3,logistic_regression,0,0.6166126028994956,0.6,1
SYN-P0113,3,logistic_regression,1,0.7000876188681043,0.6,1
SYN-P0115,3,logistic_regression,0,0.6451978336759895,0.6,1
SYN-P0117,3,logistic_regression,1,0.44153785275660856,0.6,0
SYN-P0132,3,logistic_regression,1,0.39924313257524424,0.6,0
SYN-P0134,3,logistic_regression,0,0.45404893865949375,0.6,0
SYN-P0136,3,logistic_regression,1,0.3558401563585748,0.6,0
SYN-P0137,3,logistic_regression,0,0.3966853433574763,0.6,0
SYN-P0142,3,logistic_regression,0,0.29067558981912334,0.6,0
SYN-P0146,3,logistic_regression,0,0.49722433641663466,0.6,0
SYN-P0149,3,logistic_regression,0,0.6257827874116143,0.6,1
SYN-P0153,3,logistic_regression,1,0.3784585664655094,0.6,0
SYN-P0159,3,logistic_regression,0,0.3537042721948378,0.6,0
SYN-P0170,3,logistic_regression,0,0.7428852509994481,0.6,1
SYN-P0171,3,logistic_regression,1,0.12945955927388222,0.6,0
SYN-P0197,3,logistic_regression,1,0.7692579635527963,0.6,1
SYN-P0198,3,logistic_regression,1,0.39275979573727005,0.6,0
SYN-P0201,3,logistic_regression,0,0.359477641754337,0.6,0
SYN-P0206,3,logistic_regression,1,0.4819326426325383,0.6,0
SYN-P0209,3,logistic_regression,1,0.35178626819501724,0.6,0
SYN-P0210,3,logistic_regression,1,0.7083654806635257,0.6,1
SYN-P0213,3,logistic_regression,1,0.6318109408432887,0.6,1
SYN-P0226,3,logistic_regression,1,0.668462182915664,0.6,1
SYN-P0229,3,logistic_regression,0,0.7869986308739418,0.6,1
SYN-P0237,3,logistic_regression,1,0.32588429914871014,0.6,0
SYN-P0244,3,logistic_regression,0,0.5234529578379447,0.6,0
SYN-P0246,3,logistic_regression,0,0.33417307323133444,0.6,0
SYN-P0251,3,logistic_regression,1,0.7279955269421429,0.6,1
SYN-P0262,3,logistic_regression,0,0.6321581660801918,0.6,1
SYN-P0266,3,logistic_regression,0,0.45424655712794915,0.6,0
SYN-P0268,3,logistic_regression,0,0.5496676905495085,0.6,0
SYN-P0283,3,logistic_regression,1,0.3303446708811855,0.6,0
SYN-P0284,3,logistic_regression,1,0.35277624610640446,0.6,0
SYN-P0285,3,logistic_regression,0,0.33733293920167157,0.6,0
SYN-P0290,3,logistic_regression,0,0.5298778981936607,0.6,0
SYN-P0293,3,logistic_regression,1,0.49024290355434086,0.6,0
SYN-P0297,3,logistic_regression,1,0.45902228251884847,0.6,0
SYN-P0001,4,logistic_regression,1,0.70306974850206,0.55,1
SYN-P0007,4,logistic_regression,1,0.6749748990599128,0.55,1
SYN-P0015,4,logistic_regression,1,0.9200100061609153,0.55,1
SYN-P0020,4,logistic_regression,0,0.6974693365457784,0.55,1
SYN-P0033,4,logistic_regression,1,0.5588515138874435,0.55,1
SYN-P0034,4,logistic_regression,1,0.8313749302408923,0.55,1
SYN-P0038,4,logistic_regression,1,0.47198148845488097,0.55,0
SYN-P0044,4,logistic_regression,1,0.5489802682090525,0.55,0
SYN-P0051,4,logistic_regression,1,0.45843122053794383,0.55,0
SYN-P0054,4,logistic_regression,0,0.7566442562431019,0.55,1
SYN-P0056,4,logistic_regression,0,0.671988855975659,0.55,1
SYN-P0058,4,logistic_regression,0,0.7210560469970255,0.55,1
SYN-P0066,4,logistic_regression,1,0.3969185669810679,0.55,0
SYN-P0068,4,logistic_regression,0,0.3907749781144042,0.55,0
SYN-P0086,4,logistic_regression,0,0.5483382449139449,0.55,0
SYN-P0099,4,logistic_regression,1,0.3599444228320489,0.55,0
SYN-P0103,4,logistic_regression,1,0.7585525093434253,0.55,1
SYN-P0106,4,logistic_regression,1,0.9263044547549995,0.55,1
SYN-P0114,4,logistic_regression,0,0.37511896376535947,0.55,0
SYN-P0116,4,logistic_regression,1,0.5826780016478773,0.55,1
SYN-P0121,4,logistic_regression,0,0.6386747454309173,0.55,1
SYN-P0125,4,logistic_regression,1,0.9229364717559997,0.55,1
SYN-P0128,4,logistic_regression,0,0.09960896853196645,0.55,0
SYN-P0130,4,logistic_regression,1,0.4075119707871924,0.55,0
SYN-P0138,4,logistic_regression,0,0.6106384162744869,0.55,1
SYN-P0145,4,logistic_regression,1,0.38615513406040575,0.55,0
SYN-P0148,4,logistic_regression,0,0.4490466110227852,0.55,0
SYN-P0151,4,logistic_regression,1,0.8543693175844205,0.55,1
SYN-P0158,4,logistic_regression,0,0.6239697464373488,0.55,1
SYN-P0165,4,logistic_regression,1,0.8075855521100079,0.55,1
SYN-P0166,4,logistic_regression,0,0.21922240086025507,0.55,0
SYN-P0173,4,logistic_regression,0,0.30678015167363637,0.55,0
SYN-P0179,4,logistic_regression,0,0.4947934276188463,0.55,0
SYN-P0185,4,logistic_regression,1,0.3130741302194573,0.55,0
SYN-P0187,4,logistic_regression,0,0.24121318253157314,0.55,0
SYN-P0191,4,logistic_regression,1,0.6043185857925013,0.55,1
SYN-P0193,4,logistic_regression,0,0.2207106282347544,0.55,0
SYN-P0196,4,logistic_regression,0,0.5289262565959723,0.55,0
SYN-P0199,4,logistic_regression,0,0.5021064766578758,0.55,0
SYN-P0207,4,logistic_regression,1,0.40907826646968226,0.55,0
SYN-P0208,4,logistic_regression,0,0.3065434425753758,0.55,0
SYN-P0224,4,logistic_regression,0,0.2399119651523929,0.55,0
SYN-P0231,4,logistic_regression,1,0.6735654777510584,0.55,1
SYN-P0235,4,logistic_regression,1,0.5567397311698611,0.55,1
SYN-P0236,4,logistic_regression,0,0.5870333419058743,0.55,1
SYN-P0238,4,logistic_regression,0,0.5975305614483463,0.55,1
SYN-P0239,4,logistic_regression,0,0.34660365231481344,0.55,0
SYN-P0241,4,logistic_regression,1,0.24047983932466357,0.55,0
SYN-P0243,4,logistic_regression,1,0.6305777028558995,0.55,1
SYN-P0257,4,logistic_regression,0,0.8078768797529202,0.55,1
SYN-P0260,4,logistic_regression,0,0.2423740011711813,0.55,0
SYN-P0271,4,logistic_regression,0,0.28128230253597747,0.55,0
SYN-P0274,4,logistic_regression,1,0.6967314578455968,0.55,1
SYN-P0275,4,logistic_regression,1,0.64223886226495,0.55,1
SYN-P0280,4,logistic_regression,1,0.49727586825434916,0.55,0
SYN-P0281,4,logistic_regression,0,0.49133572350862464,0.55,0
SYN-P0286,4,logistic_regression,1,0.28744741784405525,0.55,0
SYN-P0292,4,logistic_regression,0,0.47185311942782854,0.55,0
SYN-P0294,4,logistic_regression,1,0.6748410402540769,0.55,1
SYN-P0298,4,logistic_regression,1,0.4516290731564957,0.55,0
SYN-P0012,5,logistic_regression,0,0.742383502841392,0.65,1
SYN-P0013,5,logistic_regression,0,0.5399513927220007,0.65,0
SYN-P0014,5,logistic_regression,0,0.52748436083639,0.65,0
SYN-P0016,5,logistic_regression,1,0.7400933948908995,0.65,1
SYN-P0018,5,logistic_regression,1,0.5125674468598862,0.65,0
SYN-P0028,5,logistic_regression,1,0.7643527099265317,0.65,1
SYN-P0035,5,logistic_regression,1,0.7613053882585229,0.65,1
SYN-P0055,5,logistic_regression,1,0.4074661087504257,0.65,0
SYN-P0062,5,logistic_regression,0,0.5813382507246586,0.65,0
SYN-P0065,5,logistic_regression,1,0.8441363700732495,0.65,1
SYN-P0071,5,logistic_regression,1,0.26703658667926583,0.65,0
SYN-P0072,5,logistic_regression,1,0.6317813800273456,0.65,0
SYN-P0074,5,logistic_regression,0,0.31007470208339016,0.65,0
SYN-P0076,5,logistic_regression,0,0.7326738864648714,0.65,1
SYN-P0080,5,logistic_regression,1,0.2963306099873662,0.65,0
SYN-P0081,5,logistic_regression,0,0.35917429653236543,0.65,0
SYN-P0083,5,logistic_regression,1,0.5047003093891528,0.65,0
SYN-P0084,5,logistic_regression,0,0.3779350667909599,0.65,0
SYN-P0091,5,logistic_regression,1,0.403719521688407,0.65,0
SYN-P0100,5,logistic_regression,0,0.6343280244735126,0.65,0
SYN-P0108,5,logistic_regression,0,0.3415931555601594,0.65,0
SYN-P0119,5,logistic_regression,1,0.8939469842199926,0.65,1
SYN-P0126,5,logistic_regression,1,0.5731157564263069,0.65,0
SYN-P0135,5,logistic_regression,0,0.36369988446667284,0.65,0
SYN-P0144,5,logistic_regression,0,0.5664841737272974,0.65,0
SYN-P0155,5,logistic_regression,1,0.402941853693035,0.65,0
SYN-P0157,5,logistic_regression,1,0.4332113992088221,0.65,0
SYN-P0160,5,logistic_regression,0,0.1755989018127242,0.65,0
SYN-P0162,5,logistic_regression,1,0.5531454237288309,0.65,0
SYN-P0167,5,logistic_regression,0,0.454498850522407,0.65,0
SYN-P0174,5,logistic_regression,0,0.1454842712218626,0.65,0
SYN-P0175,5,logistic_regression,1,0.2940618781545718,0.65,0
SYN-P0176,5,logistic_regression,1,0.8073697761876237,0.65,1
SYN-P0178,5,logistic_regression,1,0.613469735903804,0.65,0
SYN-P0180,5,logistic_regression,0,0.5440477210603463,0.65,0
SYN-P0182,5,logistic_regression,0,0.5863427417656281,0.65,0
SYN-P0189,5,logistic_regression,0,0.32837438927002577,0.65,0
SYN-P0192,5,logistic_regression,1,0.6238317404348327,0.65,0
SYN-P0211,5,logistic_regression,1,0.720200715494147,0.65,1
SYN-P0212,5,logistic_regression,1,0.651970176888066,0.65,1
SYN-P0214,5,logistic_regression,0,0.4783364404430303,0.65,0
SYN-P0218,5,logistic_regression,1,0.7739171882609509,0.65,1
SYN-P0227,5,logistic_regression,1,0.7866722277476182,0.65,1
SYN-P0230,5,logistic_regression,1,0.5314184792926631,0.65,0
SYN-P0233,5,logistic_regression,0,0.29072683668934907,0.65,0
SYN-P0248,5,logistic_regression,1,0.8705834338607906,0.65,1
SYN-P0252,5,logistic_regression,0,0.4753038665899242,0.65,0
SYN-P0255,5,logistic_regression,1,0.3592730659127788,0.65,0
SYN-P0256,5,logistic_regression,1,0.712403466884664,0.65,1
SYN-P0264,5,logistic_regression,1,0.4071051521340396,0.65,0
SYN-P0265,5,logistic_regression,0,0.45274858161287407,0.65,0
SYN-P0270,5,logistic_regression,1,0.8291631566221882,0.65,1
SYN-P0273,5,logistic_regression,0,0.6230197101563559,0.65,0
SYN-P0276,5,logistic_regression,0,0.3542353857592465,0.65,0
SYN-P0278,5,logistic_regression,0,0.28632400756955756,0.65,0
SYN-P0279,5,logistic_regression,0,0.32577023004778094,0.65,0
SYN-P0282,5,logistic_regression,0,0.15015939821668728,0.65,0
SYN-P0287,5,logistic_regression,1,0.7466237691930423,0.65,1
SYN-P0295,5,logistic_regression,0,0.5206681150009617,0.65,0
SYN-P0300,5,logistic_regression,0,0.6311741647755892,0.65,0
SYN-P0004,1,hist_gradient_boosting,0,0.7741584260303096,0.5,1
SYN-P0009,1,hist_gradient_boosting,0,0.4613725510697277,0.5,0
SYN-P0010,1,hist_gradient_boosting,0,0.1128838663859627,0.5,0
SYN-P0011,1,hist_gradient_boosting,1,0.42062489170578243,0.5,0
SYN-P0019,1,hist_gradient_boosting,1,0.5686942189387464,0.5,1
SYN-P0025,1,hist_gradient_boosting,0,0.6588182454289588,0.5,1
SYN-P0027,1,hist_gradient_boosting,1,0.7009308037394859,0.5,1
SYN-P0030,1,hist_gradient_boosting,1,0.902543448547089,0.5,1
SYN-P0031,1,hist_gradient_boosting,0,0.9603918503960877,0.5,1
SYN-P0032,1,hist_gradient_boosting,1,0.7723191751219665,0.5,1
SYN-P0039,1,hist_gradient_boosting,1,0.7845285921816757,0.5,1
SYN-P0040,1,hist_gradient_boosting,1,0.7136485591579934,0.5,1
SYN-P0042,1,hist_gradient_boosting,1,0.6659050274760793,0.5,1
SYN-P0043,1,hist_gradient_boosting,1,0.20974976770476583,0.5,0
SYN-P0046,1,hist_gradient_boosting,0,0.8520768338242297,0.5,1
SYN-P0048,1,hist_gradient_boosting,0,0.09166206384474929,0.5,0
SYN-P0053,1,hist_gradient_boosting,0,0.5150819519819985,0.5,1
SYN-P0061,1,hist_gradient_boosting,0,0.37155321329164437,0.5,0
SYN-P0077,1,hist_gradient_boosting,0,0.2742809279002762,0.5,0
SYN-P0079,1,hist_gradient_boosting,1,0.8320083072553139,0.5,1
SYN-P0088,1,hist_gradient_boosting,0,0.15329686066187648,0.5,0
SYN-P0090,1,hist_gradient_boosting,1,0.7487782175482478,0.5,1
SYN-P0093,1,hist_gradient_boosting,1,0.5200994969792746,0.5,1
SYN-P0102,1,hist_gradient_boosting,1,0.5609858964721516,0.5,1
SYN-P0104,1,hist_gradient_boosting,0,0.27391698801821485,0.5,0
SYN-P0107,1,hist_gradient_boosting,0,0.6712498160272722,0.5,1
SYN-P0111,1,hist_gradient_boosting,1,0.8317925400300664,0.5,1
SYN-P0118,1,hist_gradient_boosting,1,0.31562559669699264,0.5,0
SYN-P0120,1,hist_gradient_boosting,0,0.11210151224095256,0.5,0
SYN-P0123,1,hist_gradient_boosting,1,0.4522756574818999,0.5,0
SYN-P0129,1,hist_gradient_boosting,1,0.8027532584776801,0.5,1
SYN-P0131,1,hist_gradient_boosting,0,0.5273719572263728,0.5,1
SYN-P0139,1,hist_gradient_boosting,1,0.769548574660057,0.5,1
SYN-P0143,1,hist_gradient_boosting,0,0.5177959189220149,0.5,1
SYN-P0147,1,hist_gradient_boosting,1,0.7568700508134709,0.5,1
SYN-P0150,1,hist_gradient_boosting,1,0.9422511542593723,0.5,1
SYN-P0154,1,hist_gradient_boosting,0,0.13682587768210883,0.5,0
SYN-P0156,1,hist_gradient_boosting,0,0.9678192830440495,0.5,1
SYN-P0164,1,hist_gradient_boosting,0,0.14728865798569882,0.5,0
SYN-P0183,1,hist_gradient_boosting,0,0.48891451312736517,0.5,0
SYN-P0184,1,hist_gradient_boosting,0,0.08586586975892846,0.5,0
SYN-P0190,1,hist_gradient_boosting,1,0.9772207067874085,0.5,1
SYN-P0203,1,hist_gradient_boosting,1,0.7862253682299034,0.5,1
SYN-P0215,1,hist_gradient_boosting,1,0.13557188307463358,0.5,0
SYN-P0216,1,hist_gradient_boosting,1,0.6854121843641918,0.5,1
SYN-P0219,1,hist_gradient_boosting,1,0.9182519115243668,0.5,1
SYN-P0220,1,hist_gradient_boosting,0,0.7723582159977744,0.5,1
SYN-P0221,1,hist_gradient_boosting,1,0.19195501470106896,0.5,0
SYN-P0223,1,hist_gradient_boosting,0,0.39923876724451396,0.5,0
SYN-P0228,1,hist_gradient_boosting,1,0.9479744541826538,0.5,1
SYN-P0232,1,hist_gradient_boosting,1,0.5836259122494571,0.5,1
SYN-P0247,1,hist_gradient_boosting,0,0.57865861824469,0.5,1
SYN-P0253,1,hist_gradient_boosting,1,0.9802151454316772,0.5,1
SYN-P0263,1,hist_gradient_boosting,0,0.2140929610180853,0.5,0
SYN-P0267,1,hist_gradient_boosting,1,0.4929313365031298,0.5,0
SYN-P0272,1,hist_gradient_boosting,0,0.44237265737764164,0.5,0
SYN-P0277,1,hist_gradient_boosting,0,0.4194762869387346,0.5,0
SYN-P0289,1,hist_gradient_boosting,1,0.33643851038968753,0.5,0
SYN-P0296,1,hist_gradient_boosting,1,0.9326695441578685,0.5,1
SYN-P0299,1,hist_gradient_boosting,0,0.11089531057089383,0.5,0
SYN-P0002,2,hist_gradient_boosting,0,0.7098938238912414,0.45,1
SYN-P0008,2,hist_gradient_boosting,0,0.7842349994973059,0.45,1
SYN-P0021,2,hist_gradient_boosting,0,0.5979243779709439,0.45,1
SYN-P0024,2,hist_gradient_boosting,0,0.5040776509457086,0.45,1
SYN-P0026,2,hist_gradient_boosting,0,0.7475591435169122,0.45,1
SYN-P0045,2,hist_gradient_boosting,0,0.09685323736770954,0.45,0
SYN-P0049,2,hist_gradient_boosting,1,0.3453601955098848,0.45,0
SYN-P0050,2,hist_gradient_boosting,1,0.9512780591071183,0.45,1
SYN-P0052,2,hist_gradient_boosting,1,0.796342441308373,0.45,1
SYN-P0057,2,hist_gradient_boosting,0,0.5082589706583075,0.45,1
SYN-P0060,2,hist_gradient_boosting,0,0.23830124590179055,0.45,0
SYN-P0063,2,hist_gradient_boosting,1,0.6102130612947445,0.45,1
SYN-P0070,2,hist_gradient_boosting,0,0.1580072480771875,0.45,0
SYN-P0078,2,hist_gradient_boosting,1,0.5433134607431971,0.45,1
SYN-P0085,2,hist_gradient_boosting,1,0.4364012551165621,0.45,0
SYN-P0095,2,hist_gradient_boosting,0,0.2661797011121174,0.45,0
SYN-P0096,2,hist_gradient_boosting,0,0.25934858177267645,0.45,0
SYN-P0097,2,hist_gradient_boosting,1,0.6702846194822225,0.45,1
SYN-P0101,2,hist_gradient_boosting,0,0.1316829763362446,0.45,0
SYN-P0105,2,hist_gradient_boosting,0,0.1297508143038316,0.45,0
SYN-P0109,2,hist_gradient_boosting,1,0.291275011651559,0.45,0
SYN-P0112,2,hist_gradient_boosting,1,0.1494076466927287,0.45,0
SYN-P0122,2,hist_gradient_boosting,0,0.07054357071434393,0.45,0
SYN-P0124,2,hist_gradient_boosting,0,0.6790497534853881,0.45,1
SYN-P0127,2,hist_gradient_boosting,0,0.20671927337692675,0.45,0
SYN-P0133,2,hist_gradient_boosting,1,0.48086883018179405,0.45,1
SYN-P0140,2,hist_gradient_boosting,1,0.8855248677266404,0.45,1
SYN-P0141,2,hist_gradient_boosting,0,0.04356164614632855,0.45,0
SYN-P0152,2,hist_gradient_boosting,1,0.8865430575762507,0.45,1
SYN-P0161,2,hist_gradient_boosting,0,0.10535813726055535,0.45,0
SYN-P0163,2,hist_gradient_boosting,1,0.241959006014271,0.45,0
SYN-P0168,2,hist_gradient_boosting,1,0.47567728948013543,0.45,1
SYN-P0169,2,hist_gradient_boosting,0,0.152988594426093,0.45,0
SYN-P0172,2,hist_gradient_boosting,1,0.3933576175713002,0.45,0
SYN-P0177,2,hist_gradient_boosting,1,0.7043763158738838,0.45,1
SYN-P0181,2,hist_gradient_boosting,0,0.47453403498844704,0.45,1
SYN-P0186,2,hist_gradient_boosting,1,0.7909111367701005,0.45,1
SYN-P0188,2,hist_gradient_boosting,0,0.12719547461907546,0.45,0
SYN-P0194,2,hist_gradient_boosting,1,0.9172630953239631,0.45,1
SYN-P0195,2,hist_gradient_boosting,1,0.7225756468665041,0.45,1
SYN-P0200,2,hist_gradient_boosting,1,0.8490124563308409,0.45,1
SYN-P0202,2,hist_gradient_boosting,1,0.8411130586767805,0.45,1
SYN-P0204,2,hist_gradient_boosting,1,0.6821877915959256,0.45,1
SYN-P0205,2,hist_gradient_boosting,0,0.14269500103908417,0.45,0
SYN-P0217,2,hist_gradient_boosting,1,0.304251443158756,0.45,0
SYN-P0222,2,hist_gradient_boosting,0,0.4941582291353151,0.45,1
SYN-P0225,2,hist_gradient_boosting,1,0.396915788682821,0.45,0
SYN-P0234,2,hist_gradient_boosting,0,0.9187959348363334,0.45,1
SYN-P0240,2,hist_gradient_boosting,0,0.5474654543293307,0.45,1
SYN-P0242,2,hist_gradient_boosting,1,0.7378565270652241,0.45,1
SYN-P0245,2,hist_gradient_boosting,1,0.35938037984364585,0.45,0
SYN-P0249,2,hist_gradient_boosting,1,0.886248355215435,0.45,1
SYN-P0250,2,hist_gradient_boosting,1,0.47809314606300113,0.45,1
SYN-P0254,2,hist_gradient_boosting,1,0.49059697369121946,0.45,1
SYN-P0258,2,hist_gradient_boosting,0,0.32003115078397293,0.45,0
SYN-P0259,2,hist_gradient_boosting,1,0.8675824510869767,0.45,1
SYN-P0261,2,hist_gradient_boosting,0,0.6453095394368729,0.45,1
SYN-P0269,2,hist_gradient_boosting,1,0.14699886030400242,0.45,0
SYN-P0288,2,hist_gradient_boosting,0,0.5010168083438741,0.45,1
SYN-P0291,2,hist_gradient_boosting,0,0.3007077275426734,0.45,0
SYN-P0003,3,hist_gradient_boosting,1,0.7396877808867235,0.6,1
SYN-P0005,3,hist_gradient_boosting,1,0.7280862124287988,0.6,1
SYN-P0006,3,hist_gradient_boosting,1,0.800967284896263,0.6,1
SYN-P0017,3,hist_gradient_boosting,1,0.9203756558399876,0.6,1
SYN-P0022,3,hist_gradient_boosting,1,0.7372235357746547,0.6,1
SYN-P0023,3,hist_gradient_boosting,0,0.3980623090504422,0.6,0
SYN-P0029,3,hist_gradient_boosting,0,0.15666244243057945,0.6,0
SYN-P0036,3,hist_gradient_boosting,1,0.6014041418200737,0.6,1
SYN-P0037,3,hist_gradient_boosting,0,0.3192517776196449,0.6,0
SYN-P0041,3,hist_gradient_boosting,0,0.710107925802819,0.6,1
SYN-P0047,3,hist_gradient_boosting,1,0.4097814900754917,0.6,0
SYN-P0059,3,hist_gradient_boosting,0,0.3060382608576447,0.6,0
SYN-P0064,3,hist_gradient_boosting,0,0.8822815330967532,0.6,1
SYN-P0067,3,hist_gradient_boosting,0,0.42560362316281075,0.6,0
SYN-P0069,3,hist_gradient_boosting,0,0.8463682205401059,0.6,1
SYN-P0073,3,hist_gradient_boosting,1,0.9357356980041132,0.6,1
SYN-P0075,3,hist_gradient_boosting,0,0.5463712002457404,0.6,0
SYN-P0082,3,hist_gradient_boosting,1,0.8392033264345682,0.6,1
SYN-P0087,3,hist_gradient_boosting,1,0.29259132454697806,0.6,0
SYN-P0089,3,hist_gradient_boosting,0,0.07377395859215971,0.6,0
SYN-P0092,3,hist_gradient_boosting,1,0.7883587472434773,0.6,1
SYN-P0094,3,hist_gradient_boosting,0,0.42059107001280616,0.6,0
SYN-P0098,3,hist_gradient_boosting,1,0.8556128848519721,0.6,1
SYN-P0110,3,hist_gradient_boosting,0,0.7738775179369918,0.6,1
SYN-P0113,3,hist_gradient_boosting,1,0.5580494335711955,0.6,0
SYN-P0115,3,hist_gradient_boosting,0,0.2928989559269798,0.6,0
SYN-P0117,3,hist_gradient_boosting,1,0.7070558301340062,0.6,1
SYN-P0132,3,hist_gradient_boosting,1,0.7052610548664158,0.6,1
SYN-P0134,3,hist_gradient_boosting,0,0.28940965524913537,0.6,0
SYN-P0136,3,hist_gradient_boosting,1,0.6107460897234719,0.6,1
SYN-P0137,3,hist_gradient_boosting,0,0.13702109303861681,0.6,0
SYN-P0142,3,hist_gradient_boosting,0,0.3389565029261642,0.6,0
SYN-P0146,3,hist_gradient_boosting,0,0.6558641574696732,0.6,1
SYN-P0149,3,hist_gradient_boosting,0,0.3096646047545422,0.6,0
SYN-P0153,3,hist_gradient_boosting,1,0.4579165848633543,0.6,0
SYN-P0159,3,hist_gradient_boosting,0,0.28791192060669984,0.6,0
SYN-P0170,3,hist_gradient_boosting,0,0.6561939140548692,0.6,1
SYN-P0171,3,hist_gradient_boosting,1,0.08656748959484258,0.6,0
SYN-P0197,3,hist_gradient_boosting,1,0.8992077085024842,0.6,1
SYN-P0198,3,hist_gradient_boosting,1,0.696733865579153,0.6,1
SYN-P0201,3,hist_gradient_boosting,0,0.8792291953695952,0.6,1
SYN-P0206,3,hist_gradient_boosting,1,0.4435687227432712,0.6,0
SYN-P0209,3,hist_gradient_boosting,1,0.4479203598926097,0.6,0
SYN-P0210,3,hist_gradient_boosting,1,0.7017441133950026,0.6,1
SYN-P0213,3,hist_gradient_boosting,1,0.9001132174005565,0.6,1
SYN-P0226,3,hist_gradient_boosting,1,0.9083994673859433,0.6,1
SYN-P0229,3,hist_gradient_boosting,0,0.899188881802101,0.6,1
SYN-P0237,3,hist_gradient_boosting,1,0.739434586737386,0.6,1
SYN-P0244,3,hist_gradient_boosting,0,0.5935620490679858,0.6,0
SYN-P0246,3,hist_gradient_boosting,0,0.23330052440279098,0.6,0
SYN-P0251,3,hist_gradient_boosting,1,0.8122403477696752,0.6,1
SYN-P0262,3,hist_gradient_boosting,0,0.9414842072652314,0.6,1
SYN-P0266,3,hist_gradient_boosting,0,0.43134745848020173,0.6,0
SYN-P0268,3,hist_gradient_boosting,0,0.5213652246695929,0.6,0
SYN-P0283,3,hist_gradient_boosting,1,0.44714018856895915,0.6,0
SYN-P0284,3,hist_gradient_boosting,1,0.3572058081537368,0.6,0
SYN-P0285,3,hist_gradient_boosting,0,0.42100327975961466,0.6,0
SYN-P0290,3,hist_gradient_boosting,0,0.29580227288510585,0.6,0
SYN-P0293,3,hist_gradient_boosting,1,0.6028474217984908,0.6,1
SYN-P0297,3,hist_gradient_boosting,1,0.4980540323381782,0.6,0
SYN-P0001,4,hist_gradient_boosting,1,0.7268200295101017,0.6,1
SYN-P0007,4,hist_gradient_boosting,1,0.7938741598164362,0.6,1
SYN-P0015,4,hist_gradient_boosting,1,0.8544477052118272,0.6,1
SYN-P0020,4,hist_gradient_boosting,0,0.9553319208536899,0.6,1
SYN-P0033,4,hist_gradient_boosting,1,0.5059349408489598,0.6,0
SYN-P0034,4,hist_gradient_boosting,1,0.7504852426044879,0.6,1
SYN-P0038,4,hist_gradient_boosting,1,0.17237927545323453,0.6,0
SYN-P0044,4,hist_gradient_boosting,1,0.8233537302142214,0.6,1
SYN-P0051,4,hist_gradient_boosting,1,0.926153135590981,0.6,1
SYN-P0054,4,hist_gradient_boosting,0,0.5760537891278033,0.6,0
SYN-P0056,4,hist_gradient_boosting,0,0.46804412363865516,0.6,0
SYN-P0058,4,hist_gradient_boosting,0,0.6041644038076859,0.6,1
SYN-P0066,4,hist_gradient_boosting,1,0.14062978429574638,0.6,0
SYN-P0068,4,hist_gradient_boosting,0,0.4503838743404402,0.6,0
SYN-P0086,4,hist_gradient_boosting,0,0.8198800678240644,0.6,1
SYN-P0099,4,hist_gradient_boosting,1,0.24508283642101414,0.6,0
SYN-P0103,4,hist_gradient_boosting,1,0.7168038756836902,0.6,1
SYN-P0106,4,hist_gradient_boosting,1,0.3780599024997964,0.6,0
SYN-P0114,4,hist_gradient_boosting,0,0.3530977695582117,0.6,0
SYN-P0116,4,hist_gradient_boosting,1,0.45278612852731287,0.6,0
SYN-P0121,4,hist_gradient_boosting,0,0.22345085653744498,0.6,0
SYN-P0125,4,hist_gradient_boosting,1,0.6848209652846761,0.6,1
SYN-P0128,4,hist_gradient_boosting,0,0.08221755047478356,0.6,0
SYN-P0130,4,hist_gradient_boosting,1,0.4159978695260328,0.6,0
SYN-P0138,4,hist_gradient_boosting,0,0.6585513841452668,0.6,1
SYN-P0145,4,hist_gradient_boosting,1,0.5511196402770502,0.6,0
SYN-P0148,4,hist_gradient_boosting,0,0.5032545154399933,0.6,0
SYN-P0151,4,hist_gradient_boosting,1,0.6470765650755088,0.6,1
SYN-P0158,4,hist_gradient_boosting,0,0.750435081488995,0.6,1
SYN-P0165,4,hist_gradient_boosting,1,0.8558582675760192,0.6,1
SYN-P0166,4,hist_gradient_boosting,0,0.2285128628727828,0.6,0
SYN-P0173,4,hist_gradient_boosting,0,0.8088733442825583,0.6,1
SYN-P0179,4,hist_gradient_boosting,0,0.4778222481401185,0.6,0
SYN-P0185,4,hist_gradient_boosting,1,0.7919467632226881,0.6,1
SYN-P0187,4,hist_gradient_boosting,0,0.09231456294090777,0.6,0
SYN-P0191,4,hist_gradient_boosting,1,0.7342846748979123,0.6,1
SYN-P0193,4,hist_gradient_boosting,0,0.4604341440336284,0.6,0
SYN-P0196,4,hist_gradient_boosting,0,0.4155779617941715,0.6,0
SYN-P0199,4,hist_gradient_boosting,0,0.28218128401993103,0.6,0
SYN-P0207,4,hist_gradient_boosting,1,0.3934755012835012,0.6,0
SYN-P0208,4,hist_gradient_boosting,0,0.2200757760333989,0.6,0
SYN-P0224,4,hist_gradient_boosting,0,0.14147830617171747,0.6,0
SYN-P0231,4,hist_gradient_boosting,1,0.1991476097385851,0.6,0
SYN-P0235,4,hist_gradient_boosting,1,0.579829885521105,0.6,0
SYN-P0236,4,hist_gradient_boosting,0,0.7774129756939027,0.6,1
SYN-P0238,4,hist_gradient_boosting,0,0.5970339070578171,0.6,0
SYN-P0239,4,hist_gradient_boosting,0,0.20634020496364294,0.6,0
SYN-P0241,4,hist_gradient_boosting,1,0.253659845881643,0.6,0
SYN-P0243,4,hist_gradient_boosting,1,0.18078877119699877,0.6,0
SYN-P0257,4,hist_gradient_boosting,0,0.9662533892463118,0.6,1
SYN-P0260,4,hist_gradient_boosting,0,0.12789404340476448,0.6,0
SYN-P0271,4,hist_gradient_boosting,0,0.06854948721339096,0.6,0
SYN-P0274,4,hist_gradient_boosting,1,0.6781079890996896,0.6,1
SYN-P0275,4,hist_gradient_boosting,1,0.7875428293232727,0.6,1
SYN-P0280,4,hist_gradient_boosting,1,0.23442924627632547,0.6,0
SYN-P0281,4,hist_gradient_boosting,0,0.40785649098650006,0.6,0
SYN-P0286,4,hist_gradient_boosting,1,0.3176446012262385,0.6,0
SYN-P0292,4,hist_gradient_boosting,0,0.2852134031978232,0.6,0
SYN-P0294,4,hist_gradient_boosting,1,0.4296083953126085,0.6,0
SYN-P0298,4,hist_gradient_boosting,1,0.45075063733549803,0.6,0
SYN-P0012,5,hist_gradient_boosting,0,0.9031407907752991,0.6,1
SYN-P0013,5,hist_gradient_boosting,0,0.6139928842005848,0.6,1
SYN-P0014,5,hist_gradient_boosting,0,0.46772552974276876,0.6,0
SYN-P0016,5,hist_gradient_boosting,1,0.8774380880477174,0.6,1
SYN-P0018,5,hist_gradient_boosting,1,0.4428476337508305,0.6,0
SYN-P0028,5,hist_gradient_boosting,1,0.9425002996255358,0.6,1
SYN-P0035,5,hist_gradient_boosting,1,0.6810734518563124,0.6,1
SYN-P0055,5,hist_gradient_boosting,1,0.3242225958945186,0.6,0
SYN-P0062,5,hist_gradient_boosting,0,0.705000034118971,0.6,1
SYN-P0065,5,hist_gradient_boosting,1,0.7709124364778178,0.6,1
SYN-P0071,5,hist_gradient_boosting,1,0.18267226482819315,0.6,0
SYN-P0072,5,hist_gradient_boosting,1,0.7491136748569279,0.6,1
SYN-P0074,5,hist_gradient_boosting,0,0.6667414851786698,0.6,1
SYN-P0076,5,hist_gradient_boosting,0,0.9167240320290765,0.6,1
SYN-P0080,5,hist_gradient_boosting,1,0.45072541144093153,0.6,0
SYN-P0081,5,hist_gradient_boosting,0,0.7529079565321154,0.6,1
SYN-P0083,5,hist_gradient_boosting,1,0.45671164647981055,0.6,0
SYN-P0084,5,hist_gradient_boosting,0,0.35962983663668346,0.6,0
SYN-P0091,5,hist_gradient_boosting,1,0.6964628935817062,0.6,1
SYN-P0100,5,hist_gradient_boosting,0,0.68030216373702,0.6,1
SYN-P0108,5,hist_gradient_boosting,0,0.4187562404644101,0.6,0
SYN-P0119,5,hist_gradient_boosting,1,0.7613303223506814,0.6,1
SYN-P0126,5,hist_gradient_boosting,1,0.7897408722459452,0.6,1
SYN-P0135,5,hist_gradient_boosting,0,0.28523096467949616,0.6,0
SYN-P0144,5,hist_gradient_boosting,0,0.4026069614188291,0.6,0
SYN-P0155,5,hist_gradient_boosting,1,0.7410810481754473,0.6,1
SYN-P0157,5,hist_gradient_boosting,1,0.7483617615906935,0.6,1
SYN-P0160,5,hist_gradient_boosting,0,0.037884906630229975,0.6,0
SYN-P0162,5,hist_gradient_boosting,1,0.7500375352746588,0.6,1
SYN-P0167,5,hist_gradient_boosting,0,0.2022950555764073,0.6,0
SYN-P0174,5,hist_gradient_boosting,0,0.13073405984851524,0.6,0
SYN-P0175,5,hist_gradient_boosting,1,0.4456874003870208,0.6,0
SYN-P0176,5,hist_gradient_boosting,1,0.9242229139386946,0.6,1
SYN-P0178,5,hist_gradient_boosting,1,0.743660224634016,0.6,1
SYN-P0180,5,hist_gradient_boosting,0,0.7294810888789232,0.6,1
SYN-P0182,5,hist_gradient_boosting,0,0.4356079895550351,0.6,0
SYN-P0189,5,hist_gradient_boosting,0,0.20263988971434221,0.6,0
SYN-P0192,5,hist_gradient_boosting,1,0.5794832903898521,0.6,0
SYN-P0211,5,hist_gradient_boosting,1,0.6276254008613767,0.6,1
SYN-P0212,5,hist_gradient_boosting,1,0.7941785160511621,0.6,1
SYN-P0214,5,hist_gradient_boosting,0,0.4503221131303782,0.6,0
SYN-P0218,5,hist_gradient_boosting,1,0.7955642435391231,0.6,1
SYN-P0227,5,hist_gradient_boosting,1,0.8243427841036887,0.6,1
SYN-P0230,5,hist_gradient_boosting,1,0.5961544037450411,0.6,0
SYN-P0233,5,hist_gradient_boosting,0,0.3071454453591654,0.6,0
SYN-P0248,5,hist_gradient_boosting,1,0.9105743788109147,0.6,1
SYN-P0252,5,hist_gradient_boosting,0,0.596196302452385,0.6,0
SYN-P0255,5,hist_gradient_boosting,1,0.7320646678164102,0.6,1
SYN-P0256,5,hist_gradient_boosting,1,0.882096476116782,0.6,1
SYN-P0264,5,hist_gradient_boosting,1,0.3440084407909141,0.6,0
SYN-P0265,5,hist_gradient_boosting,0,0.3674711012820606,0.6,0
SYN-P0270,5,hist_gradient_boosting,1,0.3499569532729423,0.6,0
SYN-P0273,5,hist_gradient_boosting,0,0.6679544585363111,0.6,1
SYN-P0276,5,hist_gradient_boosting,0,0.3046510756949555,0.6,0
SYN-P0278,5,hist_gradient_boosting,0,0.3072341858251787,0.6,0
SYN-P0279,5,hist_gradient_boosting,0,0.14446448250108396,0.6,0
SYN-P0282,5,hist_gradient_boosting,0,0.10732866661343038,0.6,0
SYN-P0287,5,hist_gradient_boosting,1,0.8128278916532752,0.6,1
SYN-P0295,5,hist_gradient_boosting,0,0.4716393875585575,0.6,0
SYN-P0300,5,hist_gradient_boosting,0,0.3297662908853321,0.6,0
SYN-P0004,1,mlp,0,0.3005267430042551,0.65,0
SYN-P0009,1,mlp,0,0.6552890906698848,0.65,1
SYN-P0010,1,mlp,0,0.06621894298801989,0.65,0
SYN-P0011,1,mlp,1,0.28385056446570806,0.65,0
SYN-P0019,1,mlp,1,0.740317840568717,0.65,1
SYN-P0025,1,mlp,0,0.21449218372561968,0.65,0
SYN-P0027,1,mlp,1,0.41207685244756165,0.65,0
SYN-P0030,1,mlp,1,0.9673663430156667,0.65,1
SYN-P0031,1,mlp,0,0.9326362909140731,0.65,1
SYN-P0032,1,mlp,1,0.8236483133858447,0.65,1
SYN-P0039,1,mlp,1,0.35618717195902433,0.65,0
SYN-P0040,1,mlp,1,0.6653912581294266,0.65,1
SYN-P0042,1,mlp,1,0.6254452933646684,0.65,0
SYN-P0043,1,mlp,1,0.3265301849135426,0.65,0
SYN-P0046,1,mlp,0,0.46057323101806164,0.65,0
SYN-P0048,1,mlp,0,0.40515654033911497,0.65,0
SYN-P0053,1,mlp,0,0.7495965251825658,0.65,1
SYN-P0061,1,mlp,0,0.4235926450959804,0.65,0
SYN-P0077,1,mlp,0,0.3040303732955045,0.65,0
SYN-P0079,1,mlp,1,0.7870177057920927,0.65,1
SYN-P0088,1,mlp,0,0.07134952337251953,0.65,0
SYN-P0090,1,mlp,1,0.8730441321316318,0.65,1
SYN-P0093,1,mlp,1,0.1384519761568932,0.65,0
SYN-P0102,1,mlp,1,0.8723633349875118,0.65,1
SYN-P0104,1,mlp,0,0.18546908023232828,0.65,0
SYN-P0107,1,mlp,0,0.4553498537758104,0.65,0
SYN-P0111,1,mlp,1,0.838201634017103,0.65,1
SYN-P0118,1,mlp,1,0.5985088430657596,0.65,0
SYN-P0120,1,mlp,0,0.3520186357999457,0.65,0
SYN-P0123,1,mlp,1,0.509674766665373,0.65,0
SYN-P0129,1,mlp,1,0.3389707370091653,0.65,0
SYN-P0131,1,mlp,0,0.38383310973558643,0.65,0
SYN-P0139,1,mlp,1,0.6199408353954524,0.65,0
SYN-P0143,1,mlp,0,0.3403972345358391,0.65,0
SYN-P0147,1,mlp,1,0.5515085303581276,0.65,0
SYN-P0150,1,mlp,1,0.9817241336469585,0.65,1
SYN-P0154,1,mlp,0,0.39808767629599145,0.65,0
SYN-P0156,1,mlp,0,0.5862801712775986,0.65,0
SYN-P0164,1,mlp,0,0.42564397148639566,0.65,0
SYN-P0183,1,mlp,0,0.2055792614835516,0.65,0
SYN-P0184,1,mlp,0,0.17944934727222256,0.65,0
SYN-P0190,1,mlp,1,0.4454151798829402,0.65,0
SYN-P0203,1,mlp,1,0.9032560207861874,0.65,1
SYN-P0215,1,mlp,1,0.47144950828464155,0.65,0
SYN-P0216,1,mlp,1,0.9182005835529393,0.65,1
SYN-P0219,1,mlp,1,0.47048924032143685,0.65,0
SYN-P0220,1,mlp,0,0.5323869314999269,0.65,0
SYN-P0221,1,mlp,1,0.3777441015059337,0.65,0
SYN-P0223,1,mlp,0,0.6420689793090373,0.65,0
SYN-P0228,1,mlp,1,0.9572501376382895,0.65,1
SYN-P0232,1,mlp,1,0.561095938463037,0.65,0
SYN-P0247,1,mlp,0,0.3449761096136524,0.65,0
SYN-P0253,1,mlp,1,0.9768117214294545,0.65,1
SYN-P0263,1,mlp,0,0.15447983714102625,0.65,0
SYN-P0267,1,mlp,1,0.272950780238696,0.65,0
SYN-P0272,1,mlp,0,0.2864254627284571,0.65,0
SYN-P0277,1,mlp,0,0.3879643705817119,0.65,0
SYN-P0289,1,mlp,1,0.6373113437614941,0.65,0
SYN-P0296,1,mlp,1,0.8923242516011428,0.65,1
SYN-P0299,1,mlp,0,0.17153154141473004,0.65,0
SYN-P0002,2,mlp,0,0.3983879971405987,0.55,0
SYN-P0008,2,mlp,0,0.3201206104896792,0.55,0
SYN-P0021,2,mlp,0,0.08257825907314927,0.55,0
SYN-P0024,2,mlp,0,0.783695553738978,0.55,1
SYN-P0026,2,mlp,0,0.9556626405695302,0.55,1
SYN-P0045,2,mlp,0,0.2563501091323071,0.55,0
SYN-P0049,2,mlp,1,0.6857019334762673,0.55,1
SYN-P0050,2,mlp,1,0.9718755003053047,0.55,1
SYN-P0052,2,mlp,1,0.6918058910107062,0.55,1
SYN-P0057,2,mlp,0,0.15312458500212575,0.55,0
SYN-P0060,2,mlp,0,0.1021645040301985,0.55,0
SYN-P0063,2,mlp,1,0.31591939491846577,0.55,0
SYN-P0070,2,mlp,0,0.6481077277857004,0.55,1
SYN-P0078,2,mlp,1,0.606264158983148,0.55,1
SYN-P0085,2,mlp,1,0.3292001167984198,0.55,0
SYN-P0095,2,mlp,0,0.4713153160813407,0.55,0
SYN-P0096,2,mlp,0,0.5198963564383586,0.55,0
SYN-P0097,2,mlp,1,0.6267960079833687,0.55,1
SYN-P0101,2,mlp,0,0.4225233941257576,0.55,0
SYN-P0105,2,mlp,0,0.10101450178310994,0.55,0
SYN-P0109,2,mlp,1,0.7209906935364767,0.55,1
SYN-P0112,2,mlp,1,0.30096934457076957,0.55,0
SYN-P0122,2,mlp,0,0.17447275594541065,0.55,0
SYN-P0124,2,mlp,0,0.3716876434130439,0.55,0
SYN-P0127,2,mlp,0,0.14856890933357628,0.55,0
SYN-P0133,2,mlp,1,0.2681390533047148,0.55,0
SYN-P0140,2,mlp,1,0.5810777974802046,0.55,1
SYN-P0141,2,mlp,0,0.18467830097736357,0.55,0
SYN-P0152,2,mlp,1,0.9233591282536363,0.55,1
SYN-P0161,2,mlp,0,0.18693264232638007,0.55,0
SYN-P0163,2,mlp,1,0.39996125936991794,0.55,0
SYN-P0168,2,mlp,1,0.6274484166101574,0.55,1
SYN-P0169,2,mlp,0,0.29834515094934544,0.55,0
SYN-P0172,2,mlp,1,0.33531033922225034,0.55,0
SYN-P0177,2,mlp,1,0.7070636901709815,0.55,1
SYN-P0181,2,mlp,0,0.3111449339829629,0.55,0
SYN-P0186,2,mlp,1,0.282881874202778,0.55,0
SYN-P0188,2,mlp,0,0.6298555723652052,0.55,1
SYN-P0194,2,mlp,1,0.7421652035647482,0.55,1
SYN-P0195,2,mlp,1,0.9605653224688766,0.55,1
SYN-P0200,2,mlp,1,0.6948633968173615,0.55,1
SYN-P0202,2,mlp,1,0.5705880275197033,0.55,1
SYN-P0204,2,mlp,1,0.954842533930777,0.55,1
SYN-P0205,2,mlp,0,0.5433100601237197,0.55,0
SYN-P0217,2,mlp,1,0.04334026359950418,0.55,0
SYN-P0222,2,mlp,0,0.13191588385426312,0.55,0
SYN-P0225,2,mlp,1,0.7696743105082153,0.55,1
SYN-P0234,2,mlp,0,0.9422518173151518,0.55,1
SYN-P0240,2,mlp,0,0.10053616586486717,0.55,0
SYN-P0242,2,mlp,1,0.6683178316764822,0.55,1
SYN-P0245,2,mlp,1,0.35595769192040144,0.55,0
SYN-P0249,2,mlp,1,0.8807881019286754,0.55,1
SYN-P0250,2,mlp,1,0.31300839243186773,0.55,0
SYN-P0254,2,mlp,1,0.3919794449474205,0.55,0
SYN-P0258,2,mlp,0,0.5437038228071428,0.55,0
SYN-P0259,2,mlp,1,0.9815813479934963,0.55,1
SYN-P0261,2,mlp,0,0.9109032602680072,0.55,1
SYN-P0269,2,mlp,1,0.5090150685394544,0.55,0
SYN-P0288,2,mlp,0,0.37329519149159734,0.55,0
SYN-P0291,2,mlp,0,0.3341128590215689,0.55,0
SYN-P0003,3,mlp,1,0.9817316775565053,0.7,1
SYN-P0005,3,mlp,1,0.5663196299418901,0.7,0
SYN-P0006,3,mlp,1,0.8833645272463972,0.7,1
SYN-P0017,3,mlp,1,0.7763923501032056,0.7,1
SYN-P0022,3,mlp,1,0.5992776481484661,0.7,0
SYN-P0023,3,mlp,0,0.7035577416900622,0.7,1
SYN-P0029,3,mlp,0,0.616178651000471,0.7,0
SYN-P0036,3,mlp,1,0.3742587448624145,0.7,0
SYN-P0037,3,mlp,0,0.08289322274939544,0.7,0
SYN-P0041,3,mlp,0,0.6631720921165672,0.7,0
SYN-P0047,3,mlp,1,0.10072606726746636,0.7,0
SYN-P0059,3,mlp,0,0.27881996117670627,0.7,0
SYN-P0064,3,mlp,0,0.6025084475988175,0.7,0
SYN-P0067,3,mlp,0,0.17631943730519978,0.7,0
SYN-P0069,3,mlp,0,0.8159457838335722,0.7,1
SYN-P0073,3,mlp,1,0.7700316810263111,0.7,1
SYN-P0075,3,mlp,0,0.7649012508953331,0.7,1
SYN-P0082,3,mlp,1,0.5069288507884254,0.7,0
SYN-P0087,3,mlp,1,0.1311711894593561,0.7,0
SYN-P0089,3,mlp,0,0.06217805202233559,0.7,0
SYN-P0092,3,mlp,1,0.6561131105948408,0.7,0
SYN-P0094,3,mlp,0,0.4803956278332372,0.7,0
SYN-P0098,3,mlp,1,0.7385256292116577,0.7,1
SYN-P0110,3,mlp,0,0.920205269264871,0.7,1
SYN-P0113,3,mlp,1,0.709577723228847,0.7,1
SYN-P0115,3,mlp,0,0.8801788762954973,0.7,1
SYN-P0117,3,mlp,1,0.30162501949721765,0.7,0
SYN-P0132,3,mlp,1,0.4646521367377641,0.7,0
SYN-P0134,3,mlp,0,0.7699923392303007,0.7,1
SYN-P0136,3,mlp,1,0.06008376578881654,0.7,0
SYN-P0137,3,mlp,0,0.24415184543346227,0.7,0
SYN-P0142,3,mlp,0,0.13901428708095773,0.7,0
SYN-P0146,3,mlp,0,0.35671751410227776,0.7,0
SYN-P0149,3,mlp,0,0.91156777485364,0.7,1
SYN-P0153,3,mlp,1,0.5327010748094984,0.7,0
SYN-P0159,3,mlp,0,0.4695699779866466,0.7,0
SYN-P0170,3,mlp,0,0.9424871330384005,0.7,1
SYN-P0171,3,mlp,1,0.11953738843525015,0.7,0
SYN-P0197,3,mlp,1,0.9874183246047108,0.7,1
SYN-P0198,3,mlp,1,0.385022098016291,0.7,0
SYN-P0201,3,mlp,0,0.28229279202703583,0.7,0
SYN-P0206,3,mlp,1,0.685903338486513,0.7,0
SYN-P0209,3,mlp,1,0.580256825028301,0.7,0
SYN-P0210,3,mlp,1,0.595811734820261,0.7,0
SYN-P0213,3,mlp,1,0.7093094901582513,0.7,1
SYN-P0226,3,mlp,1,0.7949190828212073,0.7,1
SYN-P0229,3,mlp,0,0.938736323822758,0.7,1
SYN-P0237,3,mlp,1,0.18317157279619536,0.7,0
SYN-P0244,3,mlp,0,0.5651068115545275,0.7,0
SYN-P0246,3,mlp,0,0.12612436033721067,0.7,0
SYN-P0251,3,mlp,1,0.9321620459407598,0.7,1
SYN-P0262,3,mlp,0,0.7531140115387451,0.7,1
SYN-P0266,3,mlp,0,0.5045040522479103,0.7,0
SYN-P0268,3,mlp,0,0.4009761478697244,0.7,0
SYN-P0283,3,mlp,1,0.20282998042080885,0.7,0
SYN-P0284,3,mlp,1,0.26990414243081723,0.7,0
SYN-P0285,3,mlp,0,0.34791463724635535,0.7,0
SYN-P0290,3,mlp,0,0.26113626828058367,0.7,0
SYN-P0293,3,mlp,1,0.30634664060886435,0.7,0
SYN-P0297,3,mlp,1,0.053727711239119604,0.7,0
SYN-P0001,4,mlp,1,0.7940897511319603,0.55,1
SYN-P0007,4,mlp,1,0.46747395800766317,0.55,0
SYN-P0015,4,mlp,1,0.9889956947487558,0.55,1
SYN-P0020,4,mlp,0,0.8893740996163002,0.55,1
SYN-P0033,4,mlp,1,0.4834177845128822,0.55,0
SYN-P0034,4,mlp,1,0.9637544835342239,0.55,1
SYN-P0038,4,mlp,1,0.8477616939693692,0.55,1
SYN-P0044,4,mlp,1,0.6414316765103105,0.55,1
SYN-P0051,4,mlp,1,0.6892974848796778,0.55,1
SYN-P0054,4,mlp,0,0.6834994775695489,0.55,1
SYN-P0056,4,mlp,0,0.7978958476213113,0.55,1
SYN-P0058,4,mlp,0,0.4144940041714767,0.55,0
SYN-P0066,4,mlp,1,0.22427177205537177,0.55,0
SYN-P0068,4,mlp,0,0.5487509190663646,0.55,0
SYN-P0086,4,mlp,0,0.6679308386381023,0.55,1
SYN-P0099,4,mlp,1,0.35173352505099126,0.55,0
SYN-P0103,4,mlp,1,0.9057437353556956,0.55,1
SYN-P0106,4,mlp,1,0.6989267093166175,0.55,1
SYN-P0114,4,mlp,0,0.08216606474901343,0.55,0
SYN-P0116,4,mlp,1,0.8174959693720925,0.55,1
SYN-P0121,4,mlp,0,0.3407178766149661,0.55,0
SYN-P0125,4,mlp,1,0.2502289794730278,0.55,0
SYN-P0128,4,mlp,0,0.04883536156331737,0.55,0
SYN-P0130,4,mlp,1,0.18444653336071393,0.55,0
SYN-P0138,4,mlp,0,0.7539346459784922,0.55,1
SYN-P0145,4,mlp,1,0.05077354349678583,0.55,0
SYN-P0148,4,mlp,0,0.5677722466827716,0.55,1
SYN-P0151,4,mlp,1,0.745160550663462,0.55,1
SYN-P0158,4,mlp,0,0.7303833623960636,0.55,1
SYN-P0165,4,mlp,1,0.8738559403476486,0.55,1
SYN-P0166,4,mlp,0,0.26708246407984315,0.55,0
SYN-P0173,4,mlp,0,0.6629477580461574,0.55,1
SYN-P0179,4,mlp,0,0.5210177401374476,0.55,0
SYN-P0185,4,mlp,1,0.28324847845538637,0.55,0
SYN-P0187,4,mlp,0,0.06735652420779277,0.55,0
SYN-P0191,4,mlp,1,0.42469753694495793,0.55,0
SYN-P0193,4,mlp,0,0.1703599144971139,0.55,0
SYN-P0196,4,mlp,0,0.5006608416548635,0.55,0
SYN-P0199,4,mlp,0,0.7565152940769527,0.55,1
SYN-P0207,4,mlp,1,0.17171189279162533,0.55,0
SYN-P0208,4,mlp,0,0.9185633591374337,0.55,1
SYN-P0224,4,mlp,0,0.11960739028751648,0.55,0
SYN-P0231,4,mlp,1,0.5179741747182619,0.55,0
SYN-P0235,4,mlp,1,0.741605660945724,0.55,1
SYN-P0236,4,mlp,0,0.5054071763986576,0.55,0
SYN-P0238,4,mlp,0,0.570203118736821,0.55,1
SYN-P0239,4,mlp,0,0.3741465722685396,0.55,0
SYN-P0241,4,mlp,1,0.23817031205435585,0.55,0
SYN-P0243,4,mlp,1,0.3648563890638318,0.55,0
SYN-P0257,4,mlp,0,0.9715903482002779,0.55,1
SYN-P0260,4,mlp,0,0.22979202853941988,0.55,0
SYN-P0271,4,mlp,0,0.20303684765981392,0.55,0
SYN-P0274,4,mlp,1,0.3291399561395368,0.55,0
SYN-P0275,4,mlp,1,0.35997402332837436,0.55,0
SYN-P0280,4,mlp,1,0.32078261437543487,0.55,0
SYN-P0281,4,mlp,0,0.5415703255714834,0.55,0
SYN-P0286,4,mlp,1,0.04341687867380996,0.55,0
SYN-P0292,4,mlp,0,0.0766617258961608,0.55,0
SYN-P0294,4,mlp,1,0.8821737077160456,0.55,1
SYN-P0298,4,mlp,1,0.26275618185600996,0.55,0
SYN-P0012,5,mlp,0,0.5839244938275727,0.65,0
SYN-P0013,5,mlp,0,0.6203108032643391,0.65,0
SYN-P0014,5,mlp,0,0.6634958445507597,0.65,1
SYN-P0016,5,mlp,1,0.963001333502457,0.65,1
SYN-P0018,5,mlp,1,0.1666631511864216,0.65,0
SYN-P0028,5,mlp,1,0.9131410198642067,0.65,1
SYN-P0035,5,mlp,1,0.8590186716154519,0.65,1
SYN-P0055,5,mlp,1,0.4351654611981159,0.65,0
SYN-P0062,5,mlp,0,0.7764925968498229,0.65,1
SYN-P0065,5,mlp,1,0.8414422853090239,0.65,1
SYN-P0071,5,mlp,1,0.04845933578442052,0.65,0
SYN-P0072,5,mlp,1,0.894694582202266,0.65,1
SYN-P0074,5,mlp,0,0.15787660343152676,0.65,0
SYN-P0076,5,mlp,0,0.765052192831938,0.65,1
SYN-P0080,5,mlp,1,0.11412475969132929,0.65,0
SYN-P0081,5,mlp,0,0.2561374786946194,0.65,0
SYN-P0083,5,mlp,1,0.8766417042000711,0.65,1
SYN-P0084,5,mlp,0,0.6338333655328228,0.65,0
SYN-P0091,5,mlp,1,0.5968527626800533,0.65,0
SYN-P0100,5,mlp,0,0.6282880493188746,0.65,0
SYN-P0108,5,mlp,0,0.09486582286140889,0.65,0
SYN-P0119,5,mlp,1,0.98199403033392,0.65,1
SYN-P0126,5,mlp,1,0.5284148304379149,0.65,0
SYN-P0135,5,mlp,0,0.21843431737912875,0.65,0
SYN-P0144,5,mlp,0,0.3169365156607884,0.65,0
SYN-P0155,5,mlp,1,0.5482675010840312,0.65,0
SYN-P0157,5,mlp,1,0.11422661537293395,0.65,0
SYN-P0160,5,mlp,0,0.03521465910653681,0.65,0
SYN-P0162,5,mlp,1,0.4620770474310946,0.65,0
SYN-P0167,5,mlp,0,0.19640452943998654,0.65,0
SYN-P0174,5,mlp,0,0.01411544942092255,0.65,0
SYN-P0175,5,mlp,1,0.08139059556726445,0.65,0
SYN-P0176,5,mlp,1,0.9802017365011226,0.65,1
SYN-P0178,5,mlp,1,0.8885086529807841,0.65,1
SYN-P0180,5,mlp,0,0.33176998765461163,0.65,0
SYN-P0182,5,mlp,0,0.840500139975257,0.65,1
SYN-P0189,5,mlp,0,0.25505608935891555,0.65,0
SYN-P0192,5,mlp,1,0.5553428991871396,0.65,0
SYN-P0211,5,mlp,1,0.9796231855666401,0.65,1
SYN-P0212,5,mlp,1,0.9346804091277328,0.65,1
SYN-P0214,5,mlp,0,0.4156781539039556,0.65,0
SYN-P0218,5,mlp,1,0.981492743249725,0.65,1
SYN-P0227,5,mlp,1,0.9727959792327562,0.65,1
SYN-P0230,5,mlp,1,0.532077827300545,0.65,0
SYN-P0233,5,mlp,0,0.1011295180489025,0.65,0
SYN-P0248,5,mlp,1,0.8880623444521865,0.65,1
SYN-P0252,5,mlp,0,0.4536323536652771,0.65,0
SYN-P0255,5,mlp,1,0.5723055196581485,0.65,0
SYN-P0256,5,mlp,1,0.6779645841628625,0.65,1
SYN-P0264,5,mlp,1,0.0912013863215927,0.65,0
SYN-P0265,5,mlp,0,0.13277901304372253,0.65,0
SYN-P0270,5,mlp,1,0.9917504575477678,0.65,1
SYN-P0273,5,mlp,0,0.9397047802853127,0.65,1
SYN-P0276,5,mlp,0,0.07141433773143076,0.65,0
SYN-P0278,5,mlp,0,0.24265944040550755,0.65,0
SYN-P0279,5,mlp,0,0.1503495460411568,0.65,0
SYN-P0282,5,mlp,0,0.08416617884716202,0.65,0
SYN-P0287,5,mlp,1,0.7544632861154945,0.65,1
SYN-P0295,5,mlp,0,0.6868898904381278,0.65,1
SYN-P0300,5,mlp,0,0.27982362665070304,0.65,0
